Ecut (eV),Energy (eV)
350,-571.7613997204606
400,-613.7157709716829
450,-640.0316758871965
500,-654.9821216524848
550,-663.7771276061864
600,-668.6181216851694
