Ecut (eV),Energy (eV)
350,-488.7826168905662
400,-532.57929296294
450,-559.840110057275
500,-575.3757094196778
550,-584.0281275595743
600,-589.264313775205
