Ecut (eV),Energy (eV)
350,-513.639085209658
400,-557.1900084754722
450,-583.1764511885112
500,-598.6920193685173
550,-607.6583280211865
600,-612.6401915330507
