Ecut (eV),Energy (eV)
350,-518.6835602049981
400,-562.3216109008001
450,-588.3043074571368
500,-603.8145753310065
550,-612.7761428785003
600,-617.7594672255873
