Ecut (eV),Energy (eV)
350,-567.4986420195856
400,-609.4473657973848
450,-635.7602982233581
500,-650.7332721260613
550,-659.5279995978822
600,-664.3792255343036
