Ecut (eV),Energy (eV)
350,-4632.032825484361
400,-4673.236216699218
450,-4698.911264255873
500,-4713.383793121662
550,-4721.933826472635
600,-4726.626748552317
