Ecut (eV),Energy (eV)
350,-447.84621451339683
400,-490.1194891151451
450,-515.8255554805448
500,-530.5181040265921
550,-539.0550710618069
600,-543.9740655026105
