Ecut (eV),Energy (eV)
350,-446.1828813726033
400,-488.556048389612
450,-514.2355263345794
500,-528.9200251363616
550,-537.4602595001749
600,-542.3707285295449
