Ecut (eV),Energy (eV)
350,-2187.7191209899725
400,-2229.6424769353002
450,-2254.3325769193416
500,-2268.543114780544
550,-2276.836532447629
600,-2281.624314317946
