Ecut (eV),Energy (eV)
350,-2315.1542545328193
400,-2358.466479562982
450,-2385.8804195892144
500,-2400.6428767975763
550,-2408.997331215901
600,-2414.047808920835
