Ecut (eV),Energy (eV)
350,-493.84532035080804
400,-537.5954762581108
450,-564.9099345114645
500,-580.4245466786008
550,-589.0534924990791
600,-594.3209725158404
