Ecut (eV),Energy (eV)
350,-2437.4721496255224
400,-2477.8821666945832
450,-2503.2956434899284
500,-2518.522818175627
550,-2526.8818527840117
600,-2531.578330957844
