Ecut (eV),Energy (eV)
350,-510.57794014917283
400,-551.9173068842279
450,-577.8378315840055
500,-593.4023399417046
550,-602.1127548908522
600,-606.9286473576406
