Ecut (eV),Energy (eV)
350,-508.69272006487813
400,-550.0964926386124
450,-575.9588998810066
500,-591.552949364421
550,-600.2723922951839
600,-605.0941201118973
