Ecut (eV),Energy (eV)
350,-4453.7284278909865
400,-4496.555557519849
450,-4521.770952451518
500,-4537.000367587315
550,-4545.701363234212
600,-4550.482973631116
