Kpoints,Energy (eV)
4x4x1,-4537.012155718443
5x5x1,-4537.000367587285
6x6x1,-4536.954292527902
7x7x1,-4537.001411599648
8x8x1,-4537.020454117644
9x9x1,-4536.987653505932
